Principal Component,Explained Variance Ratio
PC1,0.21331542412806145
PC2,0.12040588795832181
